{
  "Radius": 0.41421357,
  "Points": [
    {
      "x": -0.99999994,
      "y": -0.99999994
    },
    {
      "x": 0.99999994,
      "y": -0.99999994
    },
    {
      "x": -0.99999994,
      "y": 0.99999994
    },
    {
      "x": 0.99999994,
      "y": 0.99999994
    }
  ],
  "Reorders": [
    [
      0,
      1,
      2,
      3
    ],
    [
      0,
      1,
      2,
      3
    ],
    [
      0,
      1,
      2,
      3
    ],
    [
      0,
      1,
      2,
      3
    ],
    [
      1,
      3,
      0,
      2
    ],
    [
      1,
      3,
      0,
      2
    ],
    [
      1,
      3,
      0,
      2
    ],
    [
      3,
      2,
      1,
      0
    ],
    [
      3,
      2,
      1,
      0
    ],
    [
      3,
      2,
      1,
      0
    ],
    [
      2,
      0,
      3,
      1
    ],
    [
      2,
      0,
      3,
      1
    ],
    [
      2,
      0,
      3,
      1
    ],
    [
      0,
      1,
      2,
      3
    ],
    [
      0,
      1,
      2,
      3
    ],
    [
      0,
      1,
      2,
      3
    ]
  ]
}