{
  "Radius": 0.4641016,
  "Points": [
    {
      "x": -1.0,
      "y": -0.57735026
    },
    {
      "x": 1.0,
      "y": -0.57735026
    },
    {
      "x": 0.0,
      "y": 1.1547005
    }
  ],
  "Reorders": [
    [
      0,
      1,
      2
    ],
    [
      0,
      1,
      2
    ],
    [
      0,
      1,
      2
    ],
    [
      0,
      1,
      2
    ],
    [
      1,
      2,
      0
    ],
    [
      1,
      2,
      0
    ],
    [
      1,
      2,
      0
    ],
    [
      1,
      2,
      0
    ],
    [
      2,
      0,
      1
    ],
    [
      2,
      0,
      1
    ],
    [
      2,
      0,
      1
    ],
    [
      2,
      0,
      1
    ],
    [
      2,
      0,
      1
    ],
    [
      0,
      1,
      2
    ],
    [
      0,
      1,
      2
    ],
    [
      0,
      1,
      2
    ]
  ]
}